{
  "project_info": {
    "project_number": "755469717235",
    "project_id": "organ-donation-c07c9",
    "storage_bucket": "organ-donation-c07c9.appspot.com"
  },
  "client": [
    {
      "client_info": {
        "mobilesdk_app_id": "1:755469717235:android:c22a9ad3f4a6eae2d47186",
        "android_client_info": {
          "package_name": "com.example.organdonationsystem"
        }
      },
      "oauth_client": [
        {
          "client_id": "755469717235-neckclrluv4jmqb3fu45s9pg78peq760.apps.googleusercontent.com",
          "client_type": 3
        }
      ],
      "api_key": [
        {
          "current_key": "AIzaSyDVgLSw3tyrGTQTH0CTugH7GrszKvlmOAg"
        }
      ],
      "services": {
        "appinvite_service": {
          "other_platform_oauth_client": [
            {
              "client_id": "755469717235-neckclrluv4jmqb3fu45s9pg78peq760.apps.googleusercontent.com",
              "client_type": 3
            }
          ]
        }
      }
    }
  ],
  "configuration_version": "1"
}